Metric,ARIMA,Prophet
MAE,351.67085677192875,162.0250413262176
RMSE,434.3023480933225,204.93319081914646
R² Score,-0.5303988931447949,0.6592429166959118
